[
  {
    "name": "John Doe",
    "contact": "+1 234 567 890",
    "email": "john.doe@example.com",
    "technology": "Javascript",
    "batch": "31-H",
    "idNumber": "2023-01-001"
  },
  {
    "name": "Jane Smith",
    "contact": "+1 987 654 321",
    "email": "jane.smith@example.com",
    "technology": "Python",
    "batch": "32-J",
    "idNumber": "2022-05-002"
  },
  {
    "name": "Alice Johnson",
    "contact": "+44 123 456 789",
    "email": "alice.j@example.co.uk",
    "technology": "Java",
    "batch": "33-G",
    "idNumber": "2021-09-003"
  },
  null,
  null,
  null,
  null,
  null,
  null,
  null
]